[
  {
    "Name": "Potato",
    "Soils": [
      {
        "Type": "Loamy",
        "GrowthStages": [
          {
            "Stage": "Sprout Development",
            "Time": {
              "Min": 15,
              "Max": 20
            },
            "Humidity": {
              "Min": 70,
              "Max": 78
            },
            "Temperature": {
              "Day": {
                "Min": 18,
                "Max": 27
              },
              "Night": {
                "Min": 12,
                "Max": 18
              }
            },
            "Light": {
              "Period": {
                "Min": 8,
                "Max": 10
              }
            },
            "Nutrients": {
              "Nitrogen": {
                "Min": 50,
                "Max": 125
              },
              "Phosphorus": {
                "Min": 95,
                "Max": 170
              },
              "Potassium": {
                "Min": 120,
                "Max": 305
              }
            }
          },
          {
            "Stage": "Vegetative Growth",
            "Time": {
              "Min": 15,
              "Max": 20
            },
            "Humidity": {
              "Min": 80,
              "Max": 90
            },
            "Temperature": {
              "Day": {
                "Min": 18,
                "Max": 27
              },
              "Night": {
                "Min": 12,
                "Max": 18
              }
            },
            "Light": {
              "Period": {
                "Min": 8,
                "Max": 10
              }
            },
            "Nutrients": {
              "Nitrogen": {
                "Min": 50,
                "Max": 125
              },
              "Phosphorus": {
                "Min": 95,
                "Max": 170
              },
              "Potassium": {
                "Min": 120,
                "Max": 305
              }
            }
          },
          {
            "Stage": "Tuber Initiation",
            "Time": {
              "Min": 15,
              "Max": 20
            },
            "Humidity": {
              "Min": 80,
              "Max": 90
            },
            "Temperature": {
              "Day": {
                "Min": 18,
                "Max": 27
              },
              "Night": {
                "Min": 12,
                "Max": 18
              }
            },
            "Light": {
              "Period": {
                "Min": 8,
                "Max": 10
              }
            },
            "Nutrients": {
              "Nitrogen": {
                "Min": 50,
                "Max": 125
              },
              "Phosphorus": {
                "Min": 95,
                "Max": 170
              },
              "Potassium": {
                "Min": 120,
                "Max": 305
              }
            }
          },
          {
            "Stage": "Tuber Bulking",
            "Time": {
              "Min": 45,
              "Max": 55
            },
            "Humidity": {
              "Min": 80,
              "Max": 90
            },
            "Temperature": {
              "Day": {
                "Min": 18,
                "Max": 27
              },
              "Night": {
                "Min": 12,
                "Max": 18
              }
            },
            "Light": {
              "Period": {
                "Min": 8,
                "Max": 10
              }
            },
            "Nutrients": {
              "Nitrogen": {
                "Min": 50,
                "Max": 125
              },
              "Phosphorus": {
                "Min": 95,
                "Max": 170
              },
              "Potassium": {
                "Min": 120,
                "Max": 305
              }
            }
          },
          {
            "Stage": "Maturation",
            "Time": {
              "Min": 20,
              "Max": 25
            },
            "Humidity": {
              "Min": 60,
              "Max": 70
            },
            "Temperature": {
              "Day": {
                "Min": 18,
                "Max": 27
              },
              "Night": {
                "Min": 12,
                "Max": 18
              }
            },
            "Light": {
              "Period": {
                "Min": 8,
                "Max": 10
              }
            },
            "Nutrients": {
              "Nitrogen": {
                "Min": 50,
                "Max": 125
              },
              "Phosphorus": {
                "Min": 95,
                "Max": 170
              },
              "Potassium": {
                "Min": 120,
                "Max": 305
              }
            }
          },
          {
            "Stage": "Harvest",
            "Time": {
              "Min": 1,
              "Max": 5
            },
            "Humidity": {
              "Min": 65,
              "Max": 65
            },
            "Temperature": {
              "Day": {
                "Min": 18,
                "Max": 27
              },
              "Night": {
                "Min": 12,
                "Max": 18
              }
            },
            "Light": {
              "Period": {
                "Min": 8,
                "Max": 10
              }
            },
            "Nutrients": {
              "Nitrogen": {
                "Min": 50,
                "Max": 125
              },
              "Phosphorus": {
                "Min": 95,
                "Max": 170
              },
              "Potassium": {
                "Min": 120,
                "Max": 305
              }
            }
          }
        ]
      },
      {
        "Type": "Sandy",
        "GrowthStages": [
          {
            "Stage": "Sprout Development",
            "Time": {
              "Min": 15,
              "Max": 20
            },
            "Humidity": {
              "Min": 65,
              "Max": 75
            },
            "Temperature": {
              "Day": {
                "Min": 18,
                "Max": 27
              },
              "Night": {
                "Min": 12,
                "Max": 18
              }
            },
            "Light": {
              "Period": {
                "Min": 8,
                "Max": 10
              }
            },
            "Nutrients": {
              "Nitrogen": {
                "Min": 50,
                "Max": 125
              },
              "Phosphorus": {
                "Min": 95,
                "Max": 170
              },
              "Potassium": {
                "Min": 120,
                "Max": 305
              }
            }
          },
          {
            "Stage": "Vegetative Growth",
            "Time": {
              "Min": 15,
              "Max": 20
            },
            "Humidity": {
              "Min": 85,
              "Max": 95
            },
            "Temperature": {
              "Day": {
                "Min": 18,
                "Max": 27
              },
              "Night": {
                "Min": 12,
                "Max": 18
              }
            },
            "Light": {
              "Period": {
                "Min": 8,
                "Max": 10
              }
            },
            "Nutrients": {
              "Nitrogen": {
                "Min": 50,
                "Max": 125
              },
              "Phosphorus": {
                "Min": 95,
                "Max": 170
              },
              "Potassium": {
                "Min": 120,
                "Max": 305
              }
            }
          },
          {
            "Stage": "Tuber Initiation",
            "Time": {
              "Min": 15,
              "Max": 20
            },
            "Humidity": {
              "Min": 85,
              "Max": 95
            },
            "Temperature": {
              "Day": {
                "Min": 18,
                "Max": 27
              },
              "Night": {
                "Min": 12,
                "Max": 18
              }
            },
            "Light": {
              "Period": {
                "Min": 8,
                "Max": 10
              }
            },
            "Nutrients": {
              "Nitrogen": {
                "Min": 50,
                "Max": 125
              },
              "Phosphorus": {
                "Min": 95,
                "Max": 170
              },
              "Potassium": {
                "Min": 120,
                "Max": 305
              }
            }
          },
          {
            "Stage": "Tuber Bulking",
            "Time": {
              "Min": 45,
              "Max": 55
            },
            "Humidity": {
              "Min": 85,
              "Max": 95
            },
            "Temperature": {
              "Day": {
                "Min": 18,
                "Max": 27
              },
              "Night": {
                "Min": 12,
                "Max": 18
              }
            },
            "Light": {
              "Period": {
                "Min": 8,
                "Max": 10
              }
            },
            "Nutrients": {
              "Nitrogen": {
                "Min": 50,
                "Max": 125
              },
              "Phosphorus": {
                "Min": 95,
                "Max": 170
              },
              "Potassium": {
                "Min": 120,
                "Max": 305
              }
            }
          },
          {
            "Stage": "Maturation",
            "Time": {
              "Min": 20,
              "Max": 25
            },
            "Humidity": {
              "Min": 65,
              "Max": 55
            },
            "Temperature": {
              "Day": {
                "Min": 18,
                "Max": 27
              },
              "Night": {
                "Min": 12,
                "Max": 18
              }
            },
            "Light": {
              "Period": {
                "Min": 8,
                "Max": 10
              }
            },
            "Nutrients": {
              "Nitrogen": {
                "Min": 50,
                "Max": 125
              },
              "Phosphorus": {
                "Min": 95,
                "Max": 170
              },
              "Potassium": {
                "Min": 120,
                "Max": 305
              }
            }
          },
          {
            "Stage": "Harvest",
            "Time": {
              "Min": 1,
              "Max": 5
            },
            "Humidity": {
              "Min": 65,
              "Max": 65
            },
            "Temperature": {
              "Day": {
                "Min": 18,
                "Max": 27
              },
              "Night": {
                "Min": 12,
                "Max": 18
              }
            },
            "Light": {
              "Period": {
                "Min": 8,
                "Max": 10
              }
            },
            "Nutrients": {
              "Nitrogen": {
                "Min": 50,
                "Max": 125
              },
              "Phosphorus": {
                "Min": 90,
                "Max": 170
              },
              "Potassium": {
                "Min": 120,
                "Max": 305
              }
            }
          }
        ]
      }
    ]
  },
  {
    "Name": "Lettuce",
    "Soils": [
      {
        "Type": "Black Sandy Loam",
        "GrowthStages": [
          {
            "Stage": "Germination",
            "Time": {
              "Min": 5,
              "Max": 10
            },
            "Humidity": {
              "Min": 70,
              "Max": 75
            },
            "Temperature": {
              "Day": {
                "Min": 15,
                "Max": 20
              },
              "Night": {
                "Min": 15,
                "Max": 18
              }
            },
            "Light": {
              "Period": {
                "Min": 14,
                "Max": 16
              }
            },
            "Nutrients": {
              "Nitrogen": {
                "Min": 205,
                "Max": 210
              },
              "Phosphorus": {
                "Min": 310,
                "Max": 315
              },
              "Potassium": {
                "Min": 280,
                "Max": 285
              }
            }
          },
          {
            "Stage": "Seedling ",
            "Time": {
              "Min": 10,
              "Max": 14
            },
            "Humidity": {
              "Min": 70,
              "Max": 75
            },
            "Temperature": {
              "Day": {
                "Min": 15,
                "Max": 20
              },
              "Night": {
                "Min": 15,
                "Max": 18
              }
            },
            "Light": {
              "Period": {
                "Min": 14,
                "Max": 16
              }
            },
            "Nutrients": {
              "Nitrogen": {
                "Min": 205,
                "Max": 210
              },
              "Phosphorus": {
                "Min": 310,
                "Max": 315
              },
              "Potassium": {
                "Min": 280,
                "Max": 285
              }
            }
          },
          {
            "Stage": "Vegetative",
            "Time": {
              "Min": 25,
              "Max": 50
            },
            "Humidity": {
              "Min": 70,
              "Max": 75
            },
            "Temperature": {
              "Day": {
                "Min": 15,
                "Max": 20
              },
              "Night": {
                "Min": 15,
                "Max": 18
              }
            },
            "Light": {
              "Period": {
                "Min": 10,
                "Max": 12
              }
            },
            "Nutrients": {
              "Nitrogen": {
                "Min": 205,
                "Max": 210
              },
              "Phosphorus": {
                "Min": 310,
                "Max": 315
              },
              "Potassium": {
                "Min": 280,
                "Max": 285
              }
            }
          },
          {
            "Stage": "Maturation",
            "Time": {
              "Min": 10,
              "Max": 40
            },
            "Humidity": {
              "Min": 70,
              "Max": 75
            },
            "Temperature": {
              "Day": {
                "Min": 15,
                "Max": 20
              },
              "Night": {
                "Min": 15,
                "Max": 18
              }
            },
            "Light": {
              "Period": {
                "Min": 10,
                "Max": 12
              }
            },
            "Nutrients": {
              "Nitrogen": {
                "Min": 205,
                "Max": 210
              },
              "Phosphorus": {
                "Min": 310,
                "Max": 315
              },
              "Potassium": {
                "Min": 280,
                "Max": 285
              }
            }
          },
          {
            "Stage": "Harvest",
            "Time": {
              "Min": 1,
              "Max": 5
            },
            "Humidity": {
              "Min": 70,
              "Max": 75
            },
            "Temperature": {
              "Day": {
                "Min": 15,
                "Max": 20
              },
              "Night": {
                "Min": 15,
                "Max": 18
              }
            },
            "Light": {
              "Period": {
                "Min": 10,
                "Max": 12
              }
            },
            "Nutrients": {
              "Nitrogen": {
                "Min": 205,
                "Max": 210
              },
              "Phosphorus": {
                "Min": 310,
                "Max": 315
              },
              "Potassium": {
                "Min": 280,
                "Max": 285
              }
            }
          }
        ]
      }
    ]
  },
  {
    "Name": "Carrot",
    "Soils": [
      {
        "Type": "Sandy Loam",
        "GrowthStages": [
          {
            "Stage": "Germination",
            "Time": {
              "Min": 14,
              "Max": 21
            },
            "Humidity": {
              "Min": 70,
              "Max": 75
            },
            "Temperature": {
              "Day": {
                "Min": 15,
                "Max": 18
              },
              "Night": {
                "Min": 13,
                "Max": 15
              }
            },
            "Light": {
              "Period": {
                "Min": 6,
                "Max": 8
              }
            },
            "Nutrients": {
              "Nitrogen": {
                "Min": 50,
                "Max": 60
              },
              "Phosphorus": {
                "Min": 100,
                "Max": 120
              },
              "Potassium": {
                "Min": 100,
                "Max": 120
              }
            }
          },
          {
            "Stage": "Seedling ",
            "Time": {
              "Min": 14,
              "Max": 30
            },
            "Humidity": {
              "Min": 70,
              "Max": 75
            },
            "Temperature": {
              "Day": {
                "Min": 15,
                "Max": 18
              },
              "Night": {
                "Min": 13,
                "Max": 15
              }
            },
            "Light": {
              "Period": {
                "Min": 6,
                "Max": 8
              }
            },
            "Nutrients": {
              "Nitrogen": {
                "Min": 50,
                "Max": 60
              },
              "Phosphorus": {
                "Min": 100,
                "Max": 120
              },
              "Potassium": {
                "Min": 100,
                "Max": 120
              }
            }
          },
          {
            "Stage": "Vegetative Growth",
            "Time": {
              "Min": 50,
              "Max": 80
            },
            "Humidity": {
              "Min": 70,
              "Max": 75
            },
            "Temperature": {
              "Day": {
                "Min": 15,
                "Max": 18
              },
              "Night": {
                "Min": 13,
                "Max": 15
              }
            },
            "Light": {
              "Period": {
                "Min": 6,
                "Max": 8
              }
            },
            "Nutrients": {
              "Nitrogen": {
                "Min": 50,
                "Max": 60
              },
              "Phosphorus": {
                "Min": 100,
                "Max": 120
              },
              "Potassium": {
                "Min": 100,
                "Max": 120
              }
            }
          },
          {
            "Stage": "Harvest",
            "Time": {
              "Min": 1,
              "Max": 5
            },
            "Humidity": {
              "Min": 70,
              "Max": 75
            },
            "Temperature": {
              "Day": {
                "Min": 15,
                "Max": 18
              },
              "Night": {
                "Min": 13,
                "Max": 15
              }
            },
            "Light": {
              "Period": {
                "Min": 6,
                "Max": 8
              }
            },
            "Nutrients": {
              "Nitrogen": {
                "Min": 50,
                "Max": 60
              },
              "Phosphorus": {
                "Min": 100,
                "Max": 120
              },
              "Potassium": {
                "Min": 100,
                "Max": 120
              }
            }
          }
        ]
      }
    ]
  },
  {
    "Name": "Tomato",
    "Soils": [
      {
        "Type": "Loamy",
        "GrowthStages": [
          {
            "Stage": "Germination",
            "Time": {
              "Min": 5,
              "Max": 10
            },
            "Humidity": {
              "Min": 60,
              "Max": 80
            },
            "Temperature": {
              "Day": {
                "Min": 21,
                "Max": 27
              },
              "Night": {
                "Min": 19,
                "Max": 25
              }
            },
            "Light": {
              "Period": {
                "Min": 6,
                "Max": 8
              }
            },
            "Nutrients": {
              "Nitrogen": {
                "Min": 21,
                "Max": 25
              },
              "Phosphorus": {
                "Min": 21,
                "Max": 25
              },
              "Potassium": {
                "Min": 21,
                "Max": 25
              }
            }
          },
          {
            "Stage": "Seedling ",
            "Time": {
              "Min": 10,
              "Max": 14
            },
            "Humidity": {
              "Min": 60,
              "Max": 80
            },
            "Temperature": {
              "Day": {
                "Min": 18,
                "Max": 21
              },
              "Night": {
                "Min": 16,
                "Max": 19
              }
            },
            "Light": {
              "Period": {
                "Min": 14,
                "Max": 16
              }
            },
            "Nutrients": {
              "Nitrogen": {
                "Min": 25,
                "Max": 30
              },
              "Phosphorus": {
                "Min": 15,
                "Max": 20
              },
              "Potassium": {
                "Min": 40,
                "Max": 45
              }
            }
          },
          {
            "Stage": "Vegetative Growth",
            "Time": {
              "Min": 20,
              "Max": 25
            },
            "Humidity": {
              "Min": 60,
              "Max": 80
            },
            "Temperature": {
              "Day": {
                "Min": 21,
                "Max": 27
              },
              "Night": {
                "Min": 19,
                "Max": 25
              }
            },
            "Light": {
              "Period": {
                "Min": 6,
                "Max": 8
              }
            },
            "Nutrients": {
              "Nitrogen": {
                "Min": 35,
                "Max": 40
              },
              "Phosphorus": {
                "Min": 21,
                "Max": 25
              },
              "Potassium": {
                "Min": 46,
                "Max": 60
              }
            }
          },
          {
            "Stage": "Flowering and Fruit Set",
            "Time": {
              "Min": 20,
              "Max": 30
            },
            "Humidity": {
              "Min": 60,
              "Max": 80
            },
            "Temperature": {
              "Day": {
                "Min": 21,
                "Max": 29
              },
              "Night": {
                "Min": 19,
                "Max": 27
              }
            },
            "Light": {
              "Period": {
                "Min": 6,
                "Max": 8
              }
            },
            "Nutrients": {
              "Nitrogen": {
                "Min": 45,
                "Max": 50
              },
              "Phosphorus": {
                "Min": 27,
                "Max": 30
              },
              "Potassium": {
                "Min": 70,
                "Max": 75
              }
            }
          },
          {
            "Stage": "Fruit Development",
            "Time": {
              "Min": 20,
              "Max": 30
            },
            "Humidity": {
              "Min": 60,
              "Max": 80
            },
            "Temperature": {
              "Day": {
                "Min": 21,
                "Max": 27
              },
              "Night": {
                "Min": 19,
                "Max": 25
              }
            },
            "Light": {
              "Period": {
                "Min": 6,
                "Max": 8
              }
            },
            "Nutrients": {
              "Nitrogen": {
                "Min": 250,
                "Max": 255
              },
              "Phosphorus": {
                "Min": 147,
                "Max": 150
              },
              "Potassium": {
                "Min": 397,
                "Max": 400
              }
            }
          },
          {
            "Stage": "Harvest",
            "Time": {
              "Min": 1,
              "Max": 5
            },
            "Humidity": {
              "Min": 60,
              "Max": 80
            },
            "Temperature": {
              "Day": {
                "Min": 21,
                "Max": 27
              },
              "Night": {
                "Min": 19,
                "Max": 25
              }
            },
            "Light": {
              "Period": {
                "Min": 6,
                "Max": 8
              }
            },
            "Nutrients": {
              "Nitrogen": {
                "Min": 300,
                "Max": 310
              },
              "Phosphorus": {
                "Min": 176,
                "Max": 180
              },
              "Potassium": {
                "Min": 476,
                "Max": 480
              }
            }
          }
        ]
      }
    ]
  },
  {
    "Name": "Onion",
    "Soils": [
      {
        "Type": "Sandy Loam",
        "GrowthStages": [
          {
            "Stage": "Establishment",
            "Time": {
              "Min": 28,
              "Max": 30
            },
            "Humidity": {
              "Min": 68,
              "Max": 72
            },
            "Temperature": {
              "Day": {
                "Min": 12,
                "Max": 24
              },
              "Night": {
                "Min": 10,
                "Max": 22
              }
            },
            "Light": {
              "Period": {
                "Min": 12,
                "Max": 14
              }
            },
            "Nutrients": {
              "Nitrogen": {
                "Min": 60,
                "Max": 100
              },
              "Phosphorus": {
                "Min": 25,
                "Max": 45
              },
              "Potassium": {
                "Min": 45,
                "Max": 80
              }
            }
          },
          {
            "Stage": "Vegetative",
            "Time": {
              "Min": 28,
              "Max": 30
            },
            "Humidity": {
              "Min": 68,
              "Max": 72
            },
            "Temperature": {
              "Day": {
                "Min": 12,
                "Max": 24
              },
              "Night": {
                "Min": 10,
                "Max": 22
              }
            },
            "Light": {
              "Period": {
                "Min": 12,
                "Max": 14
              }
            },
            "Nutrients": {
              "Nitrogen": {
                "Min": 60,
                "Max": 100
              },
              "Phosphorus": {
                "Min": 25,
                "Max": 45
              },
              "Potassium": {
                "Min": 45,
                "Max": 80
              }
            }
          },
          {
            "Stage": "Bulb Initiation",
            "Time": {
              "Min": 28,
              "Max": 30
            },
            "Humidity": {
              "Min": 68,
              "Max": 72
            },
            "Temperature": {
              "Day": {
                "Min": 25,
                "Max": 27
              },
              "Night": {
                "Min": 23,
                "Max": 25
              }
            },
            "Light": {
              "Period": {
                "Min": 12,
                "Max": 14
              }
            },
            "Nutrients": {
              "Nitrogen": {
                "Min": 60,
                "Max": 100
              },
              "Phosphorus": {
                "Min": 25,
                "Max": 45
              },
              "Potassium": {
                "Min": 45,
                "Max": 80
              }
            }
          },
          {
            "Stage": "Bulb Development",
            "Time": {
              "Min": 42,
              "Max": 45
            },
            "Humidity": {
              "Min": 68,
              "Max": 72
            },
            "Temperature": {
              "Day": {
                "Min": 21,
                "Max": 27
              },
              "Night": {
                "Min": 19,
                "Max": 25
              }
            },
            "Light": {
              "Period": {
                "Min": 12,
                "Max": 14
              }
            },
            "Nutrients": {
              "Nitrogen": {
                "Min": 60,
                "Max": 100
              },
              "Phosphorus": {
                "Min": 25,
                "Max": 45
              },
              "Potassium": {
                "Min": 45,
                "Max": 80
              }
            }
          },
          {
            "Stage": "Maturation",
            "Time": {
              "Min": 10,
              "Max": 15
            },
            "Humidity": {
              "Min": 68,
              "Max": 72
            },
            "Temperature": {
              "Day": {
                "Min": 21,
                "Max": 27
              },
              "Night": {
                "Min": 19,
                "Max": 25
              }
            },
            "Light": {
              "Period": {
                "Min": 12,
                "Max": 14
              }
            },
            "Nutrients": {
              "Nitrogen": {
                "Min": 60,
                "Max": 100
              },
              "Phosphorus": {
                "Min": 25,
                "Max": 45
              },
              "Potassium": {
                "Min": 45,
                "Max": 80
              }
            }
          },
          {
            "Stage": "Harvest",
            "Time": {
              "Min": 1,
              "Max": 5
            },
            "Humidity": {
              "Min": 68,
              "Max": 72
            },
            "Temperature": {
              "Day": {
                "Min": 21,
                "Max": 27
              },
              "Night": {
                "Min": 19,
                "Max": 25
              }
            },
            "Light": {
              "Period": {
                "Min": 12,
                "Max": 14
              }
            },
            "Nutrients": {
              "Nitrogen": {
                "Min": 60,
                "Max": 100
              },
              "Phosphorus": {
                "Min": 25,
                "Max": 45
              },
              "Potassium": {
                "Min": 45,
                "Max": 80
              }
            }
          }
        ]
      }
    ]
  }
]